Number,Name,Filename
1,Internal,
2,fuse_client,fuse_client.cst
3,bin,
4,empty 1,empty.cst
5,empty 2,empty.cst
6,empty 3,empty.cst
7,empty 4,empty.cst
8,empty 5,empty.cst
9,empty 6,empty.cst
10,empty 7,empty.cst
11,empty 8,empty.cst
12,empty 9,empty.cst
13,empty 10,empty.cst
14,empty 11,empty.cst
15,empty 12,empty.cst
16,empty 13,empty.cst
17,empty 14,empty.cst
18,empty 15,empty.cst
19,empty 16,empty.cst
20,empty 17,empty.cst
21,empty 18,empty.cst
22,empty 19,empty.cst
23,empty 20,empty.cst
24,empty 21,empty.cst
25,empty 22,empty.cst
26,empty 23,empty.cst
27,empty 24,empty.cst
28,empty 25,empty.cst
29,empty 26,empty.cst
30,empty 27,empty.cst
31,empty 28,empty.cst
32,empty 29,empty.cst
33,empty 30,empty.cst
34,empty 31,empty.cst
35,empty 32,empty.cst
36,empty 33,empty.cst
37,empty 34,empty.cst
38,empty 35,empty.cst
39,empty 36,empty.cst
40,empty 37,empty.cst
41,empty 38,empty.cst
42,empty 39,empty.cst
43,empty 40,empty.cst
44,empty 41,empty.cst
45,empty 42,empty.cst
46,empty 43,empty.cst
47,empty 44,empty.cst
48,empty 45,empty.cst
49,empty 46,empty.cst
50,empty 47,empty.cst
51,empty 48,empty.cst
52,empty 49,empty.cst
53,empty 50,empty.cst
54,empty 51,empty.cst
55,empty 52,empty.cst
56,empty 53,empty.cst
57,empty 54,empty.cst
58,empty 55,empty.cst
59,empty 56,empty.cst
60,empty 57,empty.cst
61,empty 58,empty.cst
62,empty 59,empty.cst
63,empty 60,empty.cst
64,empty 61,empty.cst
65,empty 62,empty.cst
66,empty 63,empty.cst
67,empty 64,empty.cst
68,empty 65,empty.cst
69,empty 66,empty.cst
70,empty 67,empty.cst
71,empty 68,empty.cst
72,empty 69,empty.cst
73,empty 70,empty.cst